{"Error": 7928.7724609375, "Actual": [4740.03899693, 4742.31321562, 4748.0083548, 4749.3399, 4752.3379484, 4754.68460876, 4757.90841438, 4759.20291822, 4760.17931804, 4761.54919372, 4762.38892825, 4764.29283752, 4764.93644917, 4765.47708961, 4768.46007589, 4774.33254386, 4778.57307334, 4779.65205836, 4783.95876763, 4787.62084971, 4795.94090322, 4798.65760926, 4802.89746439, 4809.07718303, 4812.79626743, 4814.73844486, 4816.80141801, 4816.94963015, 4817.20980554, 4820.0643054, 4820.86929239, 4823.19872604, 4825.55648657, 4826.72744785, 4827.74094084, 4838.59371399, 4839.84296918, 4840.18484208, 4840.36228449, 4841.97140575, 4845.85711842, 4846.57489763, 4846.61932742, 4849.29984141, 4850.7834908, 4853.92601037, 4854.14841852, 4858.51697909, 4860.3245664, 4863.49754208, 4865.51393365, 4869.16606002, 4869.55434496, 4869.90028671, 4874.7774529, 4877.50377221, 4878.13644804, 4878.57091858, 4884.66182336, 4888.78670016, 4891.18491363, 4893.75410808, 4898.32910592, 4903.65878198, 4904.6319189, 4906.6491016, 4907.45092838, 4909.97465359, 4910.53910155, 4911.37343173, 4914.87608382, 4915.28210469, 4917.18404302, 4917.55196561, 4919.99303584, 4920.6836638, 4921.58503489, 4922.25853648, 4926.78493437, 4929.5224206, 4929.71588342, 4930.8121368, 4930.95834015, 4931.62328892, 4933.71991646, 4935.26005054, 4936.88171328, 4937.16280859, 4940.3932191, 4940.45072357, 4940.69623714, 4941.69591232, 4946.61563942, 4947.17124911, 4947.82404451, 4947.97608282, 4954.75549413, 4958.73821705, 4959.34588976, 4963.8753092, 4964.89418244, 4973.18228818, 4974.97655084, 4979.35524476, 4979.38596362, 4980.57740707, 4980.80629827, 4981.0143834, 4981.06882798, 4981.9584356, 4983.73712408, 4985.18304354, 4985.53319455, 4988.34392851, 4988.96757827, 4990.04973864, 4990.97789393, 4993.84112877, 4995.37555233, 4995.83580104, 4996.28506198, 4996.82865108, 4997.8500809, 4998.21065386, 5000.73801875, 5002.72199579, 5002.81311837, 5003.19057601, 5003.19533793, 5006.20264632, 5007.45333838, 5008.5902499, 5008.81943366, 5014.28727066, 5015.13397314, 5015.99358987, 5016.06927923, 5016.11046292, 5018.46296748, 5018.9397449, 5019.22604074, 5020.29543592, 5021.22856944, 5022.46597221, 5022.46987325, 5025.78012227, 5026.15009649, 5026.75420911, 5026.89053288, 5034.87713351, 5043.80393297, 5049.61780053, 5050.50988774, 5050.76043542, 5052.15630169, 5054.13925942, 5056.11362572, 5056.97441989, 5059.76685839, 5060.57349141, 5063.00539613, 5072.13446238, 5072.6469329, 5075.70361573, 5076.19305354, 5076.85179429, 5077.26485666, 5079.00148532, 5079.534882, 5081.37257807, 5082.4009744, 5083.56413931, 5088.37621117, 5088.75521992, 5091.84185286, 5095.51083159, 5096.87324077, 5099.60964697, 5102.92503599, 5103.66542823, 5104.15010709, 5104.48120189, 5109.38268435, 5112.92360255, 5124.29171072, 5135.5975892, 5135.79261051, 5136.66694142, 5137.37286213, 5138.96249853, 5145.48188701, 5148.6505804, 5151.85874171, 5153.16161693, 5155.73909628, 5160.27002916, 5162.01285203, 5169.24582832, 5176.73145411, 5184.60972112, 5188.43619314, 5197.22973555, 5197.70291928, 5200.30501125, 5202.62279382, 5212.09914941, 5220.38565468, 5225.79898438, 5225.89758538, 5231.93449542, 5236.0662418, 5236.66094622, 5244.30715477, 5257.59596647, 5258.77965125, 5260.00884983, 5270.09306744, 5281.12807979, 5282.87144413, 5283.19872217, 5283.91541928, 5291.5643946, 5292.39630928, 5293.0345342, 5295.40695097, 5304.85402183, 5306.5820412, 5306.71942215, 5310.80642581, 5312.73979671, 5313.18736885, 5318.79002055, 5333.47350202, 5346.31090544, 5346.44852642, 5354.37277255, 5355.54159362, 5359.13764274, 5368.66045322, 5372.14318596, 5373.86026759, 5383.95483209, 5389.34158439, 5392.1218881, 5393.20883372, 5399.77959144, 5401.65045222, 5403.47706613, 5405.97234955, 5406.65145106, 5408.32537066, 5409.1193212, 5410.69865072, 5414.35115633, 5415.2763602, 5420.44694571, 5421.39767675, 5422.85884675, 5423.11868043, 5424.93712596, 5426.08958962, 5427.69010179, 5428.35961318, 5429.14143278, 5430.39854378, 5430.84884809, 5431.98819889, 5432.92344672, 5434.89690136, 5435.24804734, 5436.68840332, 5440.87833605, 5441.5945031, 5442.22910196, 5442.53403799, 5444.97024211, 5445.03640412, 5445.18932478, 5446.17917404, 5446.3693419, 5447.00572807, 5449.81834364, 5449.95052933, 5451.07786658, 5452.41440821, 5452.93655654, 5453.2141683, 5453.49634395, 5454.64415257, 5456.26251949, 5456.28697266, 5457.8938556, 5459.04688104, 5460.30346209, 5460.66707812, 5463.63695257, 5464.16641156, 5464.2401028, 5465.28184561, 5466.00714516, 5471.38918779, 5471.59827982, 5472.67387149, 5472.81030263, 5474.56202325, 5475.36436002, 5475.67785345, 5477.19913926, 5480.15038161, 5481.09324174, 5483.45460042, 5484.92536222, 5485.26083602, 5490.91045647, 5491.90197852, 5492.32378511, 5492.92692929, 5500.95306128, 5502.74995328, 5504.81918709, 5505.03921335, 5508.70295886, 5511.05216948, 5511.39007466, 5512.43401977, 5514.40904582, 5515.15488053, 5516.96543253, 5521.80551797, 5523.99683956, 5525.50252003, 5525.90357226, 5526.00176263, 5527.84366652, 5529.30915976, 5530.741027, 5531.73627425, 5533.36332916, 5536.80251057, 5536.90242245, 5538.93579464, 5540.30564427, 5544.55410593, 5544.58662104, 5546.26558458, 5546.49594989, 5547.71048486, 5548.60962306, 5549.76212966, 5550.89949879, 5551.78470592, 5553.81544861, 5555.69550808, 5556.02072874, 5558.94504953, 5559.11729789, 5561.36305045, 5562.9888321, 5563.02991618, 5563.42389596, 5564.48967897, 5565.52364585, 5565.64466562, 5566.31883664, 5566.60241637, 5567.72063544, 5569.01838894, 5570.12622604, 5570.13588587, 5570.48437343, 5570.75334441, 5571.63266818, 5571.77645102, 5571.90807182, 5572.86681306, 5574.09629176, 5574.8550292, 5575.25036759, 5575.88818501, 5578.54801338, 5578.79464366, 5579.75326076, 5580.20631842, 5580.35793233, 5580.47934448, 5581.70443597, 5583.86699688, 5583.88303686, 5585.29888676, 5588.05187384, 5588.56469968, 5588.766331, 5589.65430096, 5591.5825912, 5592.81839416, 5594.36286149, 5595.05433763, 5599.2052853, 5600.41058487, 5603.18823393, 5603.92094299, 5606.44914995, 5606.54553152, 5608.29011604, 5608.85806053, 5613.47314124, 5614.25449614, 5615.62106918, 5616.31948859, 5616.63480323, 5618.1550545, 5618.22165968, 5619.7542847, 5622.89305277, 5623.3930464, 5624.40143665, 5626.55587937, 5627.20108122, 5627.31059383, 5627.76186994, 5628.78770909, 5629.20380019, 5631.43613032, 5633.03832926, 5636.52711486, 5637.82882635, 5639.09452304, 5641.12645464, 5641.28674153, 5641.47678353, 5644.5976623, 5645.17607037, 5645.44221943, 5646.95806565, 5647.35856874, 5648.00482046, 5650.19991028, 5650.79322102, 5652.21056896, 5653.05444716, 5654.47748598, 5654.6491399, 5656.13380077, 5656.17189508, 5656.34389585, 5658.223507, 5658.43372769, 5659.36763766, 5661.37174941, 5662.58923999, 5664.53438193, 5665.11039924, 5665.26699455, 5665.42042123, 5666.87373228, 5669.05083742, 5669.33924157, 5673.22761698, 5675.3748191, 5676.92028195, 5679.0232053, 5679.64650719, 5680.06114329, 5680.71322161, 5682.39828975, 5683.78991833, 5684.81162742, 5685.09892655, 5685.43373261, 5685.66210749, 5687.85602502, 5689.33310833, 5689.49328832, 5693.6219481, 5700.2569957, 5701.97040596, 5702.22989245, 5702.74555801, 5705.12271966, 5705.99263705, 5706.7091787, 5708.90556521, 5709.79386001, 5711.04389176, 5712.34520639, 5713.19828102, 5716.13340826, 5716.61410007, 5718.05529666, 5724.6345264, 5726.4699635, 5726.62477527, 5726.80083121, 5726.85084386, 5727.840047, 5732.17172183, 5734.91177661, 5737.06627232, 5739.99518377, 5740.49906192],