{"Error": 4522.876953125, "Actual": [1960.17593509, 1965.1571175, 1967.40740737, 1970.44660887, 1979.39694173, 1984.33036264, 1991.40497086, 1992.76543846, 1994.60665534, 2000.80449344, 2011.91887248, 2014.93333256, 2021.19634552, 2023.83469028, 2024.44760405, 2028.18031357, 2031.49722151, 2037.42418135, 2057.16746035, 2060.90274351, 2064.46309961, 2065.64125801, 2068.47781318, 2082.26093543, 2092.83541404, 2095.85382357, 2098.31258496, 2109.03692931, 2112.47342701, 2112.65764009, 2114.62016035, 2123.54931183, 2123.60470063, 2128.94032789, 2133.39119747, 2136.74405518, 2137.72126843, 2149.65863154, 2155.15760468, 2155.81182639, 2168.56895021, 2168.58824029, 2168.5907341, 2170.28543594, 2170.8114795, 2173.94403707, 2176.51903336, 2179.31560426, 2181.1004599, 2181.2042547, 2181.6214907, 2182.22873461, 2185.8867823, 2193.96826449, 2196.93360106, 2197.2934451, 2200.00610227, 2202.26683662, 2202.42807206, 2206.17379909, 2206.32987783, 2208.42751252, 2208.50872313, 2210.65140883, 2212.50311053, 2214.12539905, 2215.09662294, 2215.66978498, 2216.04661111, 2217.62090271, 2217.62100033, 2218.57102021, 2221.5498111, 2221.70615819, 2222.02386893, 2224.31671819, 2224.95401316, 2225.36138588, 2228.04539957, 2228.86882625, 2230.42855619, 2230.53256896, 2231.33186381, 2235.72395226, 2236.39382244, 2236.41020871, 2236.83840026, 2237.82792332, 2238.33686097, 2238.54832823, 2238.71806131, 2239.97980545, 2240.59563432, 2241.00888372, 2241.61704521, 2242.55069511, 2244.2721728, 2244.66287722, 2245.83507331, 2247.38555742, 2248.61534302, 2248.65264028, 2248.95308605, 2249.20906168, 2249.4594826, 2250.17122172, 2250.47444031, 2252.00431837, 2252.23437983, 2253.71073985, 2254.64344673, 2254.73608, 2256.16451102, 2257.51820761, 2259.15066027, 2264.03930876, 2265.58873273, 2268.04329802, 2269.00940061, 2270.52058952, 2271.90490509, 2275.90074935, 2279.42024856, 2283.72247239, 2283.86415553, 2285.90437151, 2285.94144143, 2288.2946513, 2292.39607364, 2292.62376962, 2294.57803966, 2299.05580527, 2299.29210511, 2300.80770582, 2303.31829223, 2309.70544462, 2311.89792252, 2313.63788755, 2314.13841541, 2315.93601179, 2317.34854526, 2318.32476681, 2321.16647301, 2321.51431979, 2321.67616212, 2322.55318302, 2323.12669012, 2324.70428589, 2327.44285291, 2327.87557192, 2328.845018, 2329.82932802, 2331.8427463, 2332.37727716, 2332.90498447, 2332.92053242, 2334.20757807, 2334.61296612, 2336.00490811, 2336.15392426, 2336.41509215, 2338.37842344, 2340.45324035, 2343.30944769, 2343.7171393, 2346.04794317, 2350.59474007, 2351.79042826, 2352.66673898, 2355.0825814, 2358.28406388, 2358.28603224, 2361.31867052, 2363.61941998, 2364.25449361, 2364.30415909, 2372.64025892, 2380.70721233, 2381.76695134, 2383.25506895, 2383.58983406, 2392.4108004, 2394.43800685, 2394.84991748, 2396.29770939, 2400.52767714, 2401.09869132, 2404.90465788, 2405.39564818, 2406.07941016, 2407.76742502, 2412.6177445, 2413.01562506, 2415.80327303, 2420.84116149, 2425.71084089, 2425.89069567, 2430.26704726, 2434.31537795, 2439.11949127, 2440.33598672, 2443.11443581, 2445.02418132, 2446.51695393, 2450.49651815, 2451.28172278, 2451.46454891, 2451.73451589, 2453.74041649, 2455.05979163, 2456.74342339, 2458.74053578, 2459.87023826, 2460.31051378, 2460.46156193, 2468.9304709, 2470.6867642, 2470.94569527, 2472.04669141, 2477.25376942, 2477.81711025, 2479.36707692, 2480.34717569, 2486.12220502, 2489.6475053, 2491.6338578, 2497.77059578, 2499.95005837, 2504.64892951, 2505.67505622, 2507.88619042, 2510.70556717, 2514.54851954, 2518.55013342, 2530.78903726, 2530.95532381, 2533.17700597, 2534.62959997, 2535.04426796, 2536.71103918, 2537.83251258, 2537.93151296, 2538.16550972, 2540.73502115, 2544.32386307, 2546.33149076, 2547.10330004, 2549.15858473, 2549.44279691, 2549.53315544, 2552.75784724, 2559.17259739, 2559.60243258, 2563.8090751, 2564.81002495, 2570.84705311, 2571.59805884, 2572.51794589, 2575.84746759, 2576.37775067, 2576.73402884, 2578.04239141, 2582.64298411, 2583.91939447, 2584.17006284, 2585.6887551, 2585.71376015, 2586.88808682, 2587.26449052, 2598.4249096, 2600.7814024, 2601.6564658, 2602.11975614, 2602.29241881, 2604.18987318, 2604.62837534, 2605.40423754, 2605.59334396, 2608.58486052, 2615.04102735, 2615.54492683, 2617.90538633, 2619.12350643, 2621.14629372, 2622.14765736, 2622.15264812, 2622.71421328, 2624.15826185, 2626.80822119, 2628.15772915, 2631.6906334, 2632.00643251, 2632.82831279, 2634.10099862, 2635.09125401, 2635.74732036, 2636.7038808, 2637.55076141, 2638.29438132, 2640.53923923, 2641.65988136, 2641.75019213, 2643.71414205, 2646.82350651, 2648.5616653, 2648.65019383, 2657.01139045, 2657.17280133, 2658.11969996, 2660.50580729, 2660.7759349, 2661.97180082, 2663.51377009, 2666.88810257, 2669.77846827, 2671.66567678, 2672.5454046, 2673.2798862, 2674.47488715, 2677.14108397, 2680.73702556, 2682.33134852, 2684.69468502, 2685.43585798, 2687.98788898, 2689.49309285, 2693.98042602, 2695.20528607, 2698.22960151, 2699.13795522, 2702.78888806, 2707.72011446, 2708.40256387, 2708.64823999, 2716.49331164, 2716.5178035, 2717.36600417, 2717.67733804, 2718.0917529, 2723.80313945, 2724.53315635, 2724.93267718, 2726.95589877, 2728.40112124, 2728.90244738, 2729.28921698, 2729.59723076, 2731.30543633, 2733.22715122, 2735.56516305, 2736.24665132, 2738.23771274, 2738.28763195, 2740.42293789, 2740.56077106, 2742.15329971, 2743.73245358, 2744.04592695, 2746.52788496, 2748.69407467, 2748.93084919, 2751.39785677, 2753.78833054, 2754.0167408, 2755.04098858, 2757.1871683, 2761.92736384, 2762.71687719, 2763.03546742, 2771.01655795, 2772.11525131, 2772.30687503, 2775.09505993, 2780.68318564, 2784.21611167, 2787.04552078, 2787.20488932, 2787.9513535, 2790.94111726, 2791.14437583, 2793.50871498, 2800.33254878, 2811.22936469, 2811.99114572, 2812.1214236, 2813.39142971, 2813.94929742, 2816.55285527, 2818.37766027, 2819.11991822, 2823.66678005, 2827.00799607, 2830.06912084, 2831.50856989, 2833.45550477, 2837.60515476, 2841.12337333, 2841.31474115, 2842.51745604, 2843.55467052, 2848.54526958, 2848.73803344, 2852.26707714, 2854.85567912, 2858.46714541, 2859.45974676, 2861.74103473, 2863.37832582, 2866.30392188, 2869.82480082, 2873.43511948, 2874.48316661, 2881.65416411, 2885.66691556, 2890.59913229, 2894.87187677, 2896.61561059, 2899.3028743, 2904.61470815, 2904.93384752, 2907.92129577, 2908.60080374, 2909.40027898, 2915.08610945, 2915.92954988, 2918.62185983, 2919.37461365, 2921.47145098, 2923.35108758, 2927.75994868, 2928.88311269, 2931.67025364, 2933.74312328, 2939.57427241, 2940.82309067, 2941.97238698, 2942.85581789, 2943.60432223, 2954.45191714, 2956.90761848, 2964.8953644, 2966.68005893, 2970.51965439, 2973.34723149, 2981.49790952, 2982.86346958, 2984.76730609, 2985.96195492, 2987.35246054, 2988.7361985, 2989.29266246, 2990.12822774, 2990.68011652, 2991.191246, 2992.12742517, 2994.18305495, 2996.06312637, 2996.14275079, 2997.52480493, 2999.1886034, 3003.43385949, 3005.85977624, 3006.9647214, 3007.26461746, 3007.6917985, 3008.4838495, 3010.09276421, 3011.19470756, 3011.22867608, 3012.09644214, 3012.24553687, 3012.90759934, 3016.67013755, 3016.78682937, 3016.95293405, 3021.67153228, 3025.4890942, 3026.4511654, 3026.76136167, 3027.10226921, 3027.17450351, 3031.33438399, 3031.6102285, 3033.02901693, 3033.83707642, 3044.1894746, 3048.2504624, 3048.73905456, 3053.72248444, 3059.02540185, 3062.56893595, 3066.88320478, 3067.0735978, 3067.27803388, 3069.26169637, 3070.58201587, 3073.79983609, 3073.83267942, 3074.01422372, 3074.45406831],