{"Error": 7779.501953125, "Actual": [3827.4229669, 3828.47114438, 3828.70847296, 3829.26603156, 3834.66747757, 3835.28878094, 3838.47122478, 3839.78091481, 3840.2041992, 3846.89819185, 3848.24703582, 3848.99023783, 3854.52978774, 3856.01104125, 3856.68000341, 3857.30881302, 3860.66463597, 3869.30198282, 3874.93605373, 3876.04583049, 3876.2672599, 3877.38474357, 3885.43427599, 3888.73310378, 3889.0939779, 3889.48285223, 3890.18073473, 3891.66604293, 3898.16457239, 3898.85011393, 3900.00324074, 3902.02859245, 3902.47616815, 3903.76542933, 3904.56007428, 3905.43108351, 3906.00111566, 3906.50116795, 3909.41558735, 3909.63349666, 3910.46772709, 3910.81538447, 3911.52104613, 3915.42777385, 3915.55419475, 3917.65969735, 3918.68001991, 3918.75354959, 3921.29264533, 3922.27878492, 3922.37060499, 3926.67430956, 3926.8733977, 3928.79864246, 3930.14804494, 3932.33504369, 3935.4564933, 3936.07031134, 3937.26930274, 3939.09636675, 3939.39948463, 3940.85635241, 3942.13566194, 3942.87927036, 3943.55530857, 3944.10611413, 3945.48924877, 3946.60797415, 3949.07182288, 3949.641418, 3952.30832859, 3953.25906192, 3954.29763336, 3955.53084466, 3955.60589012, 3956.40117437, 3957.56694785, 3960.93267218, 3961.28456216, 3961.82620461, 3963.08555156, 3964.98326804, 3965.33991092, 3970.50407964, 3971.31797889, 3971.40777497, 3972.0364576, 3972.80097532, 3975.35059058, 3981.60686459, 3983.58211221, 3984.36991952, 3985.00045585, 3990.98903236, 4000.18662822, 4003.43891553, 4007.44447905, 4008.2753772, 4008.51469446, 4008.80894109, 4009.20689441, 4009.61665564, 4012.25469057, 4014.173098, 4026.07914893, 4027.03638756, 4027.09848271, 4029.17975661, 4031.90868121, 4033.30511359, 4034.51805809, 4036.04492287, 4037.4616201, 4038.67176256, 4038.77967662, 4039.23037075, 4039.31096337, 4039.88182829, 4046.27083807, 4047.05501796, 4050.74004891, 4053.37472085, 4057.32469329, 4057.84357114, 4062.53686128, 4067.69174404, 4069.65999526, 4072.30344089, 4073.91094609, 4078.09143094, 4078.58619833, 4079.31882559, 4080.63609667, 4089.40097514, 4093.21939515, 4093.7256445, 4094.15917144, 4097.7029495, 4098.96606622, 4107.03568115, 4107.30715797, 4107.69925735, 4115.57032131, 4116.05488179, 4116.63381419, 4118.53056596, 4120.1010354, 4121.17223919, 4121.66685603, 4121.75054039, 4123.70127163, 4125.03710306, 4126.50444533, 4127.22450434, 4128.21371493, 4129.54852766, 4132.27666868, 4134.27763513, 4135.75510639, 4135.95054054, 4140.00178745, 4140.11703158, 4141.11771216, 4144.60553498, 4145.88350364, 4148.93845934, 4152.366961, 4154.1182786, 4155.22562014, 4158.00045906, 4158.08573554, 4158.32956427, 4166.85891251, 4169.3141306, 4170.92537483, 4173.36161247, 4178.86724344, 4180.20872342, 4182.38876373, 4182.56618263, 4184.27924261, 4190.03760468, 4196.49806654, 4198.89647944, 4199.29234157, 4201.07274097, 4202.52139394, 4203.28247848, 4204.14544755, 4204.2758148, 4207.94263193, 4209.41806786, 4209.93392934, 4215.61803237, 4217.80505378, 4219.44768464, 4220.71574395, 4220.89466468, 4221.15641391, 4221.88767518, 4222.67755669, 4225.03171966, 4225.66889742, 4226.30894537, 4228.40162094, 4228.6785397, 4229.92437885, 4230.6236731, 4231.01549475, 4233.72559152, 4235.65621352, 4236.20524041, 4236.3388635, 4237.86603443, 4239.69826094, 4239.97557866, 4240.89512376, 4241.97675439, 4245.25309254, 4247.12215384, 4248.1656413, 4249.23671149, 4251.97928159, 4253.33852754, 4254.09953335, 4254.93947517, 4257.76044045, 4258.01065076, 4260.13715774, 4260.79286832, 4261.69403297, 4264.19523548, 4264.27661924, 4264.72675662, 4267.08368704, 4267.4387576, 4268.88936734, 4270.69970771, 4271.3069471, 4271.41129284, 4277.61611753, 4279.16457952, 4280.18493657, 4283.3090297, 4284.46002332, 4284.5639171, 4284.805842, 4285.64396824, 4287.54540547, 4289.60939019, 4290.49404595, 4294.61960804, 4295.80499592, 4297.83945658, 4300.20879179, 4300.22635023, 4300.91117078, 4303.9300267, 4306.13970549, 4317.08882077, 4329.38667697, 4329.608206, 4332.42706984, 4336.40583202, 4339.98404696, 4341.82437828, 4344.74967444, 4350.87280243, 4357.20464557, 4358.8123868, 4363.92342874, 4367.12677176, 4369.44389428, 4370.08622909, 4372.76566105, 4373.85692745, 4381.87032174, 4385.23067022, 4389.8568629, 4390.69883646, 4395.61111987, 4407.07215668, 4412.46176703, 4414.69998966, 4417.02210605, 4418.17137579, 4420.61429464, 4425.76076451, 4425.85839863, 4426.59938644, 4430.20418607, 4431.61507599, 4437.96254777, 4439.29244081, 4443.96554854, 4445.04903766, 4449.37405173, 4452.76526252, 4454.74233581, 4456.5650977, 4462.46488238, 4466.696307, 4469.4863877, 4476.83301597, 4478.71121238, 4480.7825104, 4490.07048435, 4504.56839384, 4506.87621589, 4509.8483601, 4518.39702776, 4520.16055037, 4521.80728578, 4526.99649021, 4533.35184113, 4538.5899694, 4543.21209466, 4549.35794419, 4549.53525703, 4551.9493135, 4559.76703257, 4564.56608452, 4566.22896137, 4567.29607883, 4568.02661213, 4573.89287844, 4573.98219258, 4578.84246808, 4581.75667695, 4595.31545014, 4599.75635788, 4604.45559132, 4604.55408503, 4611.60392711, 4618.25609519, 4621.64117888, 4623.16074252, 4624.61552294, 4631.04704165, 4636.97201805, 4638.06764838, 4651.97541734, 4658.00575477, 4659.54915246, 4661.03519986, 4665.73090132, 4666.76000652, 4666.9317028, 4666.98987477, 4669.55361675, 4670.73788786, 4670.81347407, 4671.49897765, 4673.17732009, 4673.31958196, 4678.35155127, 4678.63225311, 4684.02379569, 4687.45204111, 4689.22533957, 4689.24442348, 4691.1434572, 4692.01493593, 4693.08143275, 4694.89788388, 4695.28449631, 4695.63755226, 4697.37829568, 4697.3803804, 4697.57425474, 4699.78085608, 4704.53488381, 4705.88500261, 4706.07822434, 4709.5864423, 4711.9019936, 4712.19231027, 4713.43081354, 4713.91485589, 4714.93242592, 4716.75449422, 4716.75890799, 4719.12344318, 4721.24374934, 4722.6727008, 4723.14509673, 4724.1837107, 4724.87073231, 4725.21278073, 4726.21304479, 4728.79207131, 4729.55280723, 4729.55552032, 4729.89425091, 4730.61594059, 4733.38012611, 4736.680217, 4737.7431627, 4739.22924973, 4739.44999669, 4740.03899693, 4742.31321562, 4748.0083548, 4749.3399, 4752.3379484, 4754.68460876, 4757.90841438, 4759.20291822, 4760.17931804, 4761.54919372, 4762.38892825, 4764.29283752, 4764.93644917, 4765.47708961, 4768.46007589, 4774.33254386, 4778.57307334, 4779.65205836, 4783.95876763, 4787.62084971, 4795.94090322, 4798.65760926, 4802.89746439, 4809.07718303, 4812.79626743, 4814.73844486, 4816.80141801, 4816.94963015, 4817.20980554, 4820.0643054, 4820.86929239, 4823.19872604, 4825.55648657, 4826.72744785, 4827.74094084, 4838.59371399, 4839.84296918, 4840.18484208, 4840.36228449, 4841.97140575, 4845.85711842, 4846.57489763, 4846.61932742, 4849.29984141, 4850.7834908, 4853.92601037, 4854.14841852, 4858.51697909, 4860.3245664, 4863.49754208, 4865.51393365, 4869.16606002, 4869.55434496, 4869.90028671, 4874.7774529, 4877.50377221, 4878.13644804, 4878.57091858, 4884.66182336, 4888.78670016, 4891.18491363, 4893.75410808, 4898.32910592, 4903.65878198, 4904.6319189, 4906.6491016, 4907.45092838, 4909.97465359, 4910.53910155, 4911.37343173, 4914.87608382, 4915.28210469, 4917.18404302, 4917.55196561, 4919.99303584, 4920.6836638, 4921.58503489, 4922.25853648, 4926.78493437, 4929.5224206, 4929.71588342, 4930.8121368, 4930.95834015, 4931.62328892, 4933.71991646, 4935.26005054, 4936.88171328, 4937.16280859, 4940.3932191, 4940.45072357, 4940.69623714, 4941.69591232, 4946.61563942, 4947.17124911, 4947.82404451, 4947.97608282, 4954.75549413, 4958.73821705, 4959.34588976, 4963.8753092],