{"Error": 7539.77783203125, "Actual": [4222.67755669, 4225.03171966, 4225.66889742, 4226.30894537, 4228.40162094, 4228.6785397, 4229.92437885, 4230.6236731, 4231.01549475, 4233.72559152, 4235.65621352, 4236.20524041, 4236.3388635, 4237.86603443, 4239.69826094, 4239.97557866, 4240.89512376, 4241.97675439, 4245.25309254, 4247.12215384, 4248.1656413, 4249.23671149, 4251.97928159, 4253.33852754, 4254.09953335, 4254.93947517, 4257.76044045, 4258.01065076, 4260.13715774, 4260.79286832, 4261.69403297, 4264.19523548, 4264.27661924, 4264.72675662, 4267.08368704, 4267.4387576, 4268.88936734, 4270.69970771, 4271.3069471, 4271.41129284, 4277.61611753, 4279.16457952, 4280.18493657, 4283.3090297, 4284.46002332, 4284.5639171, 4284.805842, 4285.64396824, 4287.54540547, 4289.60939019, 4290.49404595, 4294.61960804, 4295.80499592, 4297.83945658, 4300.20879179, 4300.22635023, 4300.91117078, 4303.9300267, 4306.13970549, 4317.08882077, 4329.38667697, 4329.608206, 4332.42706984, 4336.40583202, 4339.98404696, 4341.82437828, 4344.74967444, 4350.87280243, 4357.20464557, 4358.8123868, 4363.92342874, 4367.12677176, 4369.44389428, 4370.08622909, 4372.76566105, 4373.85692745, 4381.87032174, 4385.23067022, 4389.8568629, 4390.69883646, 4395.61111987, 4407.07215668, 4412.46176703, 4414.69998966, 4417.02210605, 4418.17137579, 4420.61429464, 4425.76076451, 4425.85839863, 4426.59938644, 4430.20418607, 4431.61507599, 4437.96254777, 4439.29244081, 4443.96554854, 4445.04903766, 4449.37405173, 4452.76526252, 4454.74233581, 4456.5650977, 4462.46488238, 4466.696307, 4469.4863877, 4476.83301597, 4478.71121238, 4480.7825104, 4490.07048435, 4504.56839384, 4506.87621589, 4509.8483601, 4518.39702776, 4520.16055037, 4521.80728578, 4526.99649021, 4533.35184113, 4538.5899694, 4543.21209466, 4549.35794419, 4549.53525703, 4551.9493135, 4559.76703257, 4564.56608452, 4566.22896137, 4567.29607883, 4568.02661213, 4573.89287844, 4573.98219258, 4578.84246808, 4581.75667695, 4595.31545014, 4599.75635788, 4604.45559132, 4604.55408503, 4611.60392711, 4618.25609519, 4621.64117888, 4623.16074252, 4624.61552294, 4631.04704165, 4636.97201805, 4638.06764838, 4651.97541734, 4658.00575477, 4659.54915246, 4661.03519986, 4665.73090132, 4666.76000652, 4666.9317028, 4666.98987477, 4669.55361675, 4670.73788786, 4670.81347407, 4671.49897765, 4673.17732009, 4673.31958196, 4678.35155127, 4678.63225311, 4684.02379569, 4687.45204111, 4689.22533957, 4689.24442348, 4691.1434572, 4692.01493593, 4693.08143275, 4694.89788388, 4695.28449631, 4695.63755226, 4697.37829568, 4697.3803804, 4697.57425474, 4699.78085608, 4704.53488381, 4705.88500261, 4706.07822434, 4709.5864423, 4711.9019936, 4712.19231027, 4713.43081354, 4713.91485589, 4714.93242592, 4716.75449422, 4716.75890799, 4719.12344318, 4721.24374934, 4722.6727008, 4723.14509673, 4724.1837107, 4724.87073231, 4725.21278073, 4726.21304479, 4728.79207131, 4729.55280723, 4729.55552032, 4729.89425091, 4730.61594059, 4733.38012611, 4736.680217, 4737.7431627, 4739.22924973, 4739.44999669, 4740.03899693, 4742.31321562, 4748.0083548, 4749.3399, 4752.3379484, 4754.68460876, 4757.90841438, 4759.20291822, 4760.17931804, 4761.54919372, 4762.38892825, 4764.29283752, 4764.93644917, 4765.47708961, 4768.46007589, 4774.33254386, 4778.57307334, 4779.65205836, 4783.95876763, 4787.62084971, 4795.94090322, 4798.65760926, 4802.89746439, 4809.07718303, 4812.79626743, 4814.73844486, 4816.80141801, 4816.94963015, 4817.20980554, 4820.0643054, 4820.86929239, 4823.19872604, 4825.55648657, 4826.72744785, 4827.74094084, 4838.59371399, 4839.84296918, 4840.18484208, 4840.36228449, 4841.97140575, 4845.85711842, 4846.57489763, 4846.61932742, 4849.29984141, 4850.7834908, 4853.92601037, 4854.14841852, 4858.51697909, 4860.3245664, 4863.49754208, 4865.51393365, 4869.16606002, 4869.55434496, 4869.90028671, 4874.7774529, 4877.50377221, 4878.13644804, 4878.57091858, 4884.66182336, 4888.78670016, 4891.18491363, 4893.75410808, 4898.32910592, 4903.65878198, 4904.6319189, 4906.6491016, 4907.45092838, 4909.97465359, 4910.53910155, 4911.37343173, 4914.87608382, 4915.28210469, 4917.18404302, 4917.55196561, 4919.99303584, 4920.6836638, 4921.58503489, 4922.25853648, 4926.78493437, 4929.5224206, 4929.71588342, 4930.8121368, 4930.95834015, 4931.62328892, 4933.71991646, 4935.26005054, 4936.88171328, 4937.16280859, 4940.3932191, 4940.45072357, 4940.69623714, 4941.69591232, 4946.61563942, 4947.17124911, 4947.82404451, 4947.97608282, 4954.75549413, 4958.73821705, 4959.34588976, 4963.8753092, 4964.89418244, 4973.18228818, 4974.97655084, 4979.35524476, 4979.38596362, 4980.57740707, 4980.80629827, 4981.0143834, 4981.06882798, 4981.9584356, 4983.73712408, 4985.18304354, 4985.53319455, 4988.34392851, 4988.96757827, 4990.04973864, 4990.97789393, 4993.84112877, 4995.37555233, 4995.83580104, 4996.28506198, 4996.82865108, 4997.8500809, 4998.21065386, 5000.73801875, 5002.72199579, 5002.81311837, 5003.19057601, 5003.19533793, 5006.20264632, 5007.45333838, 5008.5902499, 5008.81943366, 5014.28727066, 5015.13397314, 5015.99358987, 5016.06927923, 5016.11046292, 5018.46296748, 5018.9397449, 5019.22604074, 5020.29543592, 5021.22856944, 5022.46597221, 5022.46987325, 5025.78012227, 5026.15009649, 5026.75420911, 5026.89053288, 5034.87713351, 5043.80393297, 5049.61780053, 5050.50988774, 5050.76043542, 5052.15630169, 5054.13925942, 5056.11362572, 5056.97441989, 5059.76685839, 5060.57349141, 5063.00539613, 5072.13446238, 5072.6469329, 5075.70361573, 5076.19305354, 5076.85179429, 5077.26485666, 5079.00148532, 5079.534882, 5081.37257807, 5082.4009744, 5083.56413931, 5088.37621117, 5088.75521992, 5091.84185286, 5095.51083159, 5096.87324077, 5099.60964697, 5102.92503599, 5103.66542823, 5104.15010709, 5104.48120189, 5109.38268435, 5112.92360255, 5124.29171072, 5135.5975892, 5135.79261051, 5136.66694142, 5137.37286213, 5138.96249853, 5145.48188701, 5148.6505804, 5151.85874171, 5153.16161693, 5155.73909628, 5160.27002916, 5162.01285203, 5169.24582832, 5176.73145411, 5184.60972112, 5188.43619314, 5197.22973555, 5197.70291928, 5200.30501125, 5202.62279382, 5212.09914941, 5220.38565468, 5225.79898438, 5225.89758538, 5231.93449542, 5236.0662418, 5236.66094622, 5244.30715477, 5257.59596647, 5258.77965125, 5260.00884983, 5270.09306744, 5281.12807979, 5282.87144413, 5283.19872217, 5283.91541928, 5291.5643946, 5292.39630928, 5293.0345342, 5295.40695097, 5304.85402183, 5306.5820412, 5306.71942215, 5310.80642581, 5312.73979671, 5313.18736885, 5318.79002055, 5333.47350202, 5346.31090544, 5346.44852642, 5354.37277255, 5355.54159362, 5359.13764274, 5368.66045322, 5372.14318596, 5373.86026759, 5383.95483209, 5389.34158439, 5392.1218881, 5393.20883372, 5399.77959144, 5401.65045222, 5403.47706613, 5405.97234955, 5406.65145106, 5408.32537066, 5409.1193212, 5410.69865072, 5414.35115633, 5415.2763602, 5420.44694571, 5421.39767675, 5422.85884675, 5423.11868043, 5424.93712596, 5426.08958962, 5427.69010179, 5428.35961318, 5429.14143278, 5430.39854378, 5430.84884809, 5431.98819889, 5432.92344672, 5434.89690136, 5435.24804734, 5436.68840332, 5440.87833605, 5441.5945031, 5442.22910196, 5442.53403799, 5444.97024211, 5445.03640412, 5445.18932478, 5446.17917404, 5446.3693419, 5447.00572807, 5449.81834364, 5449.95052933, 5451.07786658, 5452.41440821, 5452.93655654, 5453.2141683, 5453.49634395, 5454.64415257, 5456.26251949, 5456.28697266, 5457.8938556, 5459.04688104, 5460.30346209, 5460.66707812, 5463.63695257, 5464.16641156, 5464.2401028, 5465.28184561, 5466.00714516],