{"Error": 4014.810791015625, "Actual": [2440.33598672, 2443.11443581, 2445.02418132, 2446.51695393, 2450.49651815, 2451.28172278, 2451.46454891, 2451.73451589, 2453.74041649, 2455.05979163, 2456.74342339, 2458.74053578, 2459.87023826, 2460.31051378, 2460.46156193, 2468.9304709, 2470.6867642, 2470.94569527, 2472.04669141, 2477.25376942, 2477.81711025, 2479.36707692, 2480.34717569, 2486.12220502, 2489.6475053, 2491.6338578, 2497.77059578, 2499.95005837, 2504.64892951, 2505.67505622, 2507.88619042, 2510.70556717, 2514.54851954, 2518.55013342, 2530.78903726, 2530.95532381, 2533.17700597, 2534.62959997, 2535.04426796, 2536.71103918, 2537.83251258, 2537.93151296, 2538.16550972, 2540.73502115, 2544.32386307, 2546.33149076, 2547.10330004, 2549.15858473, 2549.44279691, 2549.53315544, 2552.75784724, 2559.17259739, 2559.60243258, 2563.8090751, 2564.81002495, 2570.84705311, 2571.59805884, 2572.51794589, 2575.84746759, 2576.37775067, 2576.73402884, 2578.04239141, 2582.64298411, 2583.91939447, 2584.17006284, 2585.6887551, 2585.71376015, 2586.88808682, 2587.26449052, 2598.4249096, 2600.7814024, 2601.6564658, 2602.11975614, 2602.29241881, 2604.18987318, 2604.62837534, 2605.40423754, 2605.59334396, 2608.58486052, 2615.04102735, 2615.54492683, 2617.90538633, 2619.12350643, 2621.14629372, 2622.14765736, 2622.15264812, 2622.71421328, 2624.15826185, 2626.80822119, 2628.15772915, 2631.6906334, 2632.00643251, 2632.82831279, 2634.10099862, 2635.09125401, 2635.74732036, 2636.7038808, 2637.55076141, 2638.29438132, 2640.53923923, 2641.65988136, 2641.75019213, 2643.71414205, 2646.82350651, 2648.5616653, 2648.65019383, 2657.01139045, 2657.17280133, 2658.11969996, 2660.50580729, 2660.7759349, 2661.97180082, 2663.51377009, 2666.88810257, 2669.77846827, 2671.66567678, 2672.5454046, 2673.2798862, 2674.47488715, 2677.14108397, 2680.73702556, 2682.33134852, 2684.69468502, 2685.43585798, 2687.98788898, 2689.49309285, 2693.98042602, 2695.20528607, 2698.22960151, 2699.13795522, 2702.78888806, 2707.72011446, 2708.40256387, 2708.64823999, 2716.49331164, 2716.5178035, 2717.36600417, 2717.67733804, 2718.0917529, 2723.80313945, 2724.53315635, 2724.93267718, 2726.95589877, 2728.40112124, 2728.90244738, 2729.28921698, 2729.59723076, 2731.30543633, 2733.22715122, 2735.56516305, 2736.24665132, 2738.23771274, 2738.28763195, 2740.42293789, 2740.56077106, 2742.15329971, 2743.73245358, 2744.04592695, 2746.52788496, 2748.69407467, 2748.93084919, 2751.39785677, 2753.78833054, 2754.0167408, 2755.04098858, 2757.1871683, 2761.92736384, 2762.71687719, 2763.03546742, 2771.01655795, 2772.11525131, 2772.30687503, 2775.09505993, 2780.68318564, 2784.21611167, 2787.04552078, 2787.20488932, 2787.9513535, 2790.94111726, 2791.14437583, 2793.50871498, 2800.33254878, 2811.22936469, 2811.99114572, 2812.1214236, 2813.39142971, 2813.94929742, 2816.55285527, 2818.37766027, 2819.11991822, 2823.66678005, 2827.00799607, 2830.06912084, 2831.50856989, 2833.45550477, 2837.60515476, 2841.12337333, 2841.31474115, 2842.51745604, 2843.55467052, 2848.54526958, 2848.73803344, 2852.26707714, 2854.85567912, 2858.46714541, 2859.45974676, 2861.74103473, 2863.37832582, 2866.30392188, 2869.82480082, 2873.43511948, 2874.48316661, 2881.65416411, 2885.66691556, 2890.59913229, 2894.87187677, 2896.61561059, 2899.3028743, 2904.61470815, 2904.93384752, 2907.92129577, 2908.60080374, 2909.40027898, 2915.08610945, 2915.92954988, 2918.62185983, 2919.37461365, 2921.47145098, 2923.35108758, 2927.75994868, 2928.88311269, 2931.67025364, 2933.74312328, 2939.57427241, 2940.82309067, 2941.97238698, 2942.85581789, 2943.60432223, 2954.45191714, 2956.90761848, 2964.8953644, 2966.68005893, 2970.51965439, 2973.34723149, 2981.49790952, 2982.86346958, 2984.76730609, 2985.96195492, 2987.35246054, 2988.7361985, 2989.29266246, 2990.12822774, 2990.68011652, 2991.191246, 2992.12742517, 2994.18305495, 2996.06312637, 2996.14275079, 2997.52480493, 2999.1886034, 3003.43385949, 3005.85977624, 3006.9647214, 3007.26461746, 3007.6917985, 3008.4838495, 3010.09276421, 3011.19470756, 3011.22867608, 3012.09644214, 3012.24553687, 3012.90759934, 3016.67013755, 3016.78682937, 3016.95293405, 3021.67153228, 3025.4890942, 3026.4511654, 3026.76136167, 3027.10226921, 3027.17450351, 3031.33438399, 3031.6102285, 3033.02901693, 3033.83707642, 3044.1894746, 3048.2504624, 3048.73905456, 3053.72248444, 3059.02540185, 3062.56893595, 3066.88320478, 3067.0735978, 3067.27803388, 3069.26169637, 3070.58201587, 3073.79983609, 3073.83267942, 3074.01422372, 3074.45406831, 3077.03643617, 3078.64337983, 3084.51235407, 3088.43670859, 3088.56392131, 3091.84347537, 3092.49150317, 3092.96598826, 3094.57351227, 3094.64887475, 3094.86872462, 3095.51185604, 3096.42640663, 3097.23744304, 3098.89581025, 3099.70452046, 3100.04827503, 3102.80678967, 3103.89874365, 3111.41268006, 3112.63705878, 3112.65896874, 3112.81685229, 3113.45620495, 3115.27044251, 3117.02604371, 3117.51356593, 3121.30973309, 3121.65100981, 3123.45415413, 3125.92134838, 3128.49473296, 3132.59360374, 3135.11483708, 3135.46094742, 3136.9253066, 3137.56155487, 3141.55841555, 3144.55763242, 3147.23463217, 3148.63419737, 3150.11962275, 3150.43791929, 3150.64916225, 3152.32471555, 3158.13645943, 3160.7838943, 3162.59828852, 3165.00594094, 3166.03551078, 3171.41639833, 3172.01098373, 3173.07853255, 3178.55339295, 3185.43811948, 3188.07367207, 3203.85823857, 3206.77916352, 3207.50696895, 3210.91975512, 3212.68578012, 3214.92510747, 3220.36048575, 3220.79713246, 3224.32461488, 3224.53758041, 3226.00029528, 3226.14199885, 3227.29285552, 3233.31569791, 3236.10086025, 3236.49324939, 3240.19662704, 3244.23294253, 3244.33160888, 3244.37797875, 3251.2848837, 3251.39460769, 3262.4504916, 3265.83584514, 3271.13167554, 3273.23116252, 3279.27514064, 3281.1528067, 3281.33478461, 3287.55546181, 3291.77236101, 3292.42911129, 3294.90796574, 3295.94019121, 3301.77896891, 3309.86467663, 3311.93259411, 3313.5625411, 3314.41198391, 3315.6986529, 3316.24111178, 3317.97648808, 3321.46656289, 3322.59204193, 3324.5637543, 3325.96664627, 3333.03866465, 3336.19965747, 3336.50294856, 3337.02113443, 3340.16935665, 3341.3110509, 3343.70760002, 3345.52613859, 3346.9726924, 3348.02220675, 3349.47722254, 3350.54132551, 3352.96693265, 3355.42128842, 3358.60090352, 3359.75178232, 3361.952148, 3366.4524311, 3366.64108791, 3368.54309534, 3371.15461911, 3372.46794588, 3373.84357859, 3377.74380721, 3379.15728822, 3379.27393368, 3379.32730773, 3379.64219753, 3379.99260136, 3381.20339702, 3382.3835667, 3382.97704265, 3384.75810897, 3387.20045473, 3387.66270007, 3388.72089445, 3390.70162556, 3392.46934065, 3393.52798477, 3400.90901657, 3401.76404006, 3404.40467367, 3408.97300343, 3409.00396988, 3416.2744352, 3419.02487802, 3420.02518693, 3421.62964542, 3422.15041897, 3424.14221704, 3426.86938948, 3432.15435806, 3434.26390508, 3438.79246403, 3439.71034229, 3441.67236921, 3442.1250835, 3444.08018647, 3444.28247317, 3444.34936516, 3445.45013063, 3445.59755677, 3459.35950178, 3462.51327358, 3463.5032216, 3475.7554359, 3480.12955469, 3484.10581765, 3486.09481808, 3489.0795628, 3489.11184627, 3492.27792044, 3493.44453201, 3495.63560288, 3502.8246283, 3505.26331917, 3508.92493471, 3510.99479448, 3512.1466717, 3512.98772659, 3513.76088417, 3515.1471355, 3522.97077094, 3523.97877223, 3527.84336405, 3530.80742226, 3531.21282057, 3531.88044094, 3533.93855042, 3534.97380444, 3536.6493396, 3536.67295468, 3541.05777215, 3543.41589184, 3543.42785281, 3545.91106346, 3548.33266186, 3553.23266865],