{"Error": 19272.2578125, "Actual": [3324.5637543, 3325.96664627, 3333.03866465, 3336.19965747, 3336.50294856, 3337.02113443, 3340.16935665, 3341.3110509, 3343.70760002, 3345.52613859, 3346.9726924, 3348.02220675, 3349.47722254, 3350.54132551, 3352.96693265, 3355.42128842, 3358.60090352, 3359.75178232, 3361.952148, 3366.4524311, 3366.64108791, 3368.54309534, 3371.15461911, 3372.46794588, 3373.84357859, 3377.74380721, 3379.15728822, 3379.27393368, 3379.32730773, 3379.64219753, 3379.99260136, 3381.20339702, 3382.3835667, 3382.97704265, 3384.75810897, 3387.20045473, 3387.66270007, 3388.72089445, 3390.70162556, 3392.46934065, 3393.52798477, 3400.90901657, 3401.76404006, 3404.40467367, 3408.97300343, 3409.00396988, 3416.2744352, 3419.02487802, 3420.02518693, 3421.62964542, 3422.15041897, 3424.14221704, 3426.86938948, 3432.15435806, 3434.26390508, 3438.79246403, 3439.71034229, 3441.67236921, 3442.1250835, 3444.08018647, 3444.28247317, 3444.34936516, 3445.45013063, 3445.59755677, 3459.35950178, 3462.51327358, 3463.5032216, 3475.7554359, 3480.12955469, 3484.10581765, 3486.09481808, 3489.0795628, 3489.11184627, 3492.27792044, 3493.44453201, 3495.63560288, 3502.8246283, 3505.26331917, 3508.92493471, 3510.99479448, 3512.1466717, 3512.98772659, 3513.76088417, 3515.1471355, 3522.97077094, 3523.97877223, 3527.84336405, 3530.80742226, 3531.21282057, 3531.88044094, 3533.93855042, 3534.97380444, 3536.6493396, 3536.67295468, 3541.05777215, 3543.41589184, 3543.42785281, 3545.91106346, 3548.33266186, 3553.23266865, 3555.33354086, 3560.70142569, 3564.02005259, 3564.65161017, 3567.84074378, 3569.66800003, 3572.88072448, 3573.50049374, 3576.09935597, 3578.09849708, 3580.19583714, 3580.58619379, 3582.26736398, 3582.68221074, 3583.10753546, 3586.84177655, 3589.11481758, 3589.87941891, 3592.15971913, 3595.41641637, 3597.76875274, 3597.79091071, 3598.6357087, 3598.74257267, 3599.92594578, 3601.29864045, 3602.23586171, 3605.79284884, 3608.27077971, 3608.80891372, 3613.62497636, 3615.36393904, 3616.50741758, 3625.13842058, 3626.54226911, 3628.69068008, 3630.29947064, 3632.81049174, 3635.49090321, 3635.99495464, 3643.00679641, 3645.98328839, 3649.4115928, 3655.15665376, 3655.97892138, 3664.02551929, 3664.87466761, 3669.56584276, 3676.3800937, 3677.89223138, 3686.37197165, 3700.1704395, 3704.44595459, 3710.33051284, 3713.49873561, 3714.52944798, 3715.38283754, 3718.02081102, 3721.21152424, 3725.02519643, 3727.91651359, 3729.37876257, 3735.68518771, 3739.41254322, 3739.82071409, 3739.92149882, 3740.10366881, 3746.29526174, 3747.90260301, 3749.13583675, 3755.73483738, 3759.50004144, 3761.11783476, 3761.43653944, 3763.8866624, 3766.04311098, 3771.29381834, 3776.45540518, 3779.06471805, 3783.89032554, 3786.86020215, 3788.95567361, 3790.07589036, 3791.284646, 3792.81375791, 3793.45746628, 3796.79494689, 3797.12277125, 3804.36605632, 3806.65577704, 3807.31291682, 3810.0072208, 3811.13462063, 3811.89058576, 3814.93238258, 3815.58517633, 3821.34079587, 3826.28921124, 3826.99754755, 3827.40340009, 3827.4229669, 3828.47114438, 3828.70847296, 3829.26603156, 3834.66747757, 3835.28878094, 3838.47122478, 3839.78091481, 3840.2041992, 3846.89819185, 3848.24703582, 3848.99023783, 3854.52978774, 3856.01104125, 3856.68000341, 3857.30881302, 3860.66463597, 3869.30198282, 3874.93605373, 3876.04583049, 3876.2672599, 3877.38474357, 3885.43427599, 3888.73310378, 3889.0939779, 3889.48285223, 3890.18073473, 3891.66604293, 3898.16457239, 3898.85011393, 3900.00324074, 3902.02859245, 3902.47616815, 3903.76542933, 3904.56007428, 3905.43108351, 3906.00111566, 3906.50116795, 3909.41558735, 3909.63349666, 3910.46772709, 3910.81538447, 3911.52104613, 3915.42777385, 3915.55419475, 3917.65969735, 3918.68001991, 3918.75354959, 3921.29264533, 3922.27878492, 3922.37060499, 3926.67430956, 3926.8733977, 3928.79864246, 3930.14804494, 3932.33504369, 3935.4564933, 3936.07031134, 3937.26930274, 3939.09636675, 3939.39948463, 3940.85635241, 3942.13566194, 3942.87927036, 3943.55530857, 3944.10611413, 3945.48924877, 3946.60797415, 3949.07182288, 3949.641418, 3952.30832859, 3953.25906192, 3954.29763336, 3955.53084466, 3955.60589012, 3956.40117437, 3957.56694785, 3960.93267218, 3961.28456216, 3961.82620461, 3963.08555156, 3964.98326804, 3965.33991092, 3970.50407964, 3971.31797889, 3971.40777497, 3972.0364576, 3972.80097532, 3975.35059058, 3981.60686459, 3983.58211221, 3984.36991952, 3985.00045585, 3990.98903236, 4000.18662822, 4003.43891553, 4007.44447905, 4008.2753772, 4008.51469446, 4008.80894109, 4009.20689441, 4009.61665564, 4012.25469057, 4014.173098, 4026.07914893, 4027.03638756, 4027.09848271, 4029.17975661, 4031.90868121, 4033.30511359, 4034.51805809, 4036.04492287, 4037.4616201, 4038.67176256, 4038.77967662, 4039.23037075, 4039.31096337, 4039.88182829, 4046.27083807, 4047.05501796, 4050.74004891, 4053.37472085, 4057.32469329, 4057.84357114, 4062.53686128, 4067.69174404, 4069.65999526, 4072.30344089, 4073.91094609, 4078.09143094, 4078.58619833, 4079.31882559, 4080.63609667, 4089.40097514, 4093.21939515, 4093.7256445, 4094.15917144, 4097.7029495, 4098.96606622, 4107.03568115, 4107.30715797, 4107.69925735, 4115.57032131, 4116.05488179, 4116.63381419, 4118.53056596, 4120.1010354, 4121.17223919, 4121.66685603, 4121.75054039, 4123.70127163, 4125.03710306, 4126.50444533, 4127.22450434, 4128.21371493, 4129.54852766, 4132.27666868, 4134.27763513, 4135.75510639, 4135.95054054, 4140.00178745, 4140.11703158, 4141.11771216, 4144.60553498, 4145.88350364, 4148.93845934, 4152.366961, 4154.1182786, 4155.22562014, 4158.00045906, 4158.08573554, 4158.32956427, 4166.85891251, 4169.3141306, 4170.92537483, 4173.36161247, 4178.86724344, 4180.20872342, 4182.38876373, 4182.56618263, 4184.27924261, 4190.03760468, 4196.49806654, 4198.89647944, 4199.29234157, 4201.07274097, 4202.52139394, 4203.28247848, 4204.14544755, 4204.2758148, 4207.94263193, 4209.41806786, 4209.93392934, 4215.61803237, 4217.80505378, 4219.44768464, 4220.71574395, 4220.89466468, 4221.15641391, 4221.88767518, 4222.67755669, 4225.03171966, 4225.66889742, 4226.30894537, 4228.40162094, 4228.6785397, 4229.92437885, 4230.6236731, 4231.01549475, 4233.72559152, 4235.65621352, 4236.20524041, 4236.3388635, 4237.86603443, 4239.69826094, 4239.97557866, 4240.89512376, 4241.97675439, 4245.25309254, 4247.12215384, 4248.1656413, 4249.23671149, 4251.97928159, 4253.33852754, 4254.09953335, 4254.93947517, 4257.76044045, 4258.01065076, 4260.13715774, 4260.79286832, 4261.69403297, 4264.19523548, 4264.27661924, 4264.72675662, 4267.08368704, 4267.4387576, 4268.88936734, 4270.69970771, 4271.3069471, 4271.41129284, 4277.61611753, 4279.16457952, 4280.18493657, 4283.3090297, 4284.46002332, 4284.5639171, 4284.805842, 4285.64396824, 4287.54540547, 4289.60939019, 4290.49404595, 4294.61960804, 4295.80499592, 4297.83945658, 4300.20879179, 4300.22635023, 4300.91117078, 4303.9300267, 4306.13970549, 4317.08882077, 4329.38667697, 4329.608206, 4332.42706984, 4336.40583202, 4339.98404696, 4341.82437828, 4344.74967444, 4350.87280243, 4357.20464557, 4358.8123868, 4363.92342874, 4367.12677176, 4369.44389428, 4370.08622909, 4372.76566105, 4373.85692745, 4381.87032174, 4385.23067022, 4389.8568629, 4390.69883646, 4395.61111987, 4407.07215668, 4412.46176703, 4414.69998966, 4417.02210605, 4418.17137579, 4420.61429464, 4425.76076451, 4425.85839863, 4426.59938644, 4430.20418607, 4431.61507599, 4437.96254777, 4439.29244081, 4443.96554854, 4445.04903766, 4449.37405173, 4452.76526252, 4454.74233581, 4456.5650977],