{"Error": 4377.482421875, "Actual": [2848.54526958, 2848.73803344, 2852.26707714, 2854.85567912, 2858.46714541, 2859.45974676, 2861.74103473, 2863.37832582, 2866.30392188, 2869.82480082, 2873.43511948, 2874.48316661, 2881.65416411, 2885.66691556, 2890.59913229, 2894.87187677, 2896.61561059, 2899.3028743, 2904.61470815, 2904.93384752, 2907.92129577, 2908.60080374, 2909.40027898, 2915.08610945, 2915.92954988, 2918.62185983, 2919.37461365, 2921.47145098, 2923.35108758, 2927.75994868, 2928.88311269, 2931.67025364, 2933.74312328, 2939.57427241, 2940.82309067, 2941.97238698, 2942.85581789, 2943.60432223, 2954.45191714, 2956.90761848, 2964.8953644, 2966.68005893, 2970.51965439, 2973.34723149, 2981.49790952, 2982.86346958, 2984.76730609, 2985.96195492, 2987.35246054, 2988.7361985, 2989.29266246, 2990.12822774, 2990.68011652, 2991.191246, 2992.12742517, 2994.18305495, 2996.06312637, 2996.14275079, 2997.52480493, 2999.1886034, 3003.43385949, 3005.85977624, 3006.9647214, 3007.26461746, 3007.6917985, 3008.4838495, 3010.09276421, 3011.19470756, 3011.22867608, 3012.09644214, 3012.24553687, 3012.90759934, 3016.67013755, 3016.78682937, 3016.95293405, 3021.67153228, 3025.4890942, 3026.4511654, 3026.76136167, 3027.10226921, 3027.17450351, 3031.33438399, 3031.6102285, 3033.02901693, 3033.83707642, 3044.1894746, 3048.2504624, 3048.73905456, 3053.72248444, 3059.02540185, 3062.56893595, 3066.88320478, 3067.0735978, 3067.27803388, 3069.26169637, 3070.58201587, 3073.79983609, 3073.83267942, 3074.01422372, 3074.45406831, 3077.03643617, 3078.64337983, 3084.51235407, 3088.43670859, 3088.56392131, 3091.84347537, 3092.49150317, 3092.96598826, 3094.57351227, 3094.64887475, 3094.86872462, 3095.51185604, 3096.42640663, 3097.23744304, 3098.89581025, 3099.70452046, 3100.04827503, 3102.80678967, 3103.89874365, 3111.41268006, 3112.63705878, 3112.65896874, 3112.81685229, 3113.45620495, 3115.27044251, 3117.02604371, 3117.51356593, 3121.30973309, 3121.65100981, 3123.45415413, 3125.92134838, 3128.49473296, 3132.59360374, 3135.11483708, 3135.46094742, 3136.9253066, 3137.56155487, 3141.55841555, 3144.55763242, 3147.23463217, 3148.63419737, 3150.11962275, 3150.43791929, 3150.64916225, 3152.32471555, 3158.13645943, 3160.7838943, 3162.59828852, 3165.00594094, 3166.03551078, 3171.41639833, 3172.01098373, 3173.07853255, 3178.55339295, 3185.43811948, 3188.07367207, 3203.85823857, 3206.77916352, 3207.50696895, 3210.91975512, 3212.68578012, 3214.92510747, 3220.36048575, 3220.79713246, 3224.32461488, 3224.53758041, 3226.00029528, 3226.14199885, 3227.29285552, 3233.31569791, 3236.10086025, 3236.49324939, 3240.19662704, 3244.23294253, 3244.33160888, 3244.37797875, 3251.2848837, 3251.39460769, 3262.4504916, 3265.83584514, 3271.13167554, 3273.23116252, 3279.27514064, 3281.1528067, 3281.33478461, 3287.55546181, 3291.77236101, 3292.42911129, 3294.90796574, 3295.94019121, 3301.77896891, 3309.86467663, 3311.93259411, 3313.5625411, 3314.41198391, 3315.6986529, 3316.24111178, 3317.97648808, 3321.46656289, 3322.59204193, 3324.5637543, 3325.96664627, 3333.03866465, 3336.19965747, 3336.50294856, 3337.02113443, 3340.16935665, 3341.3110509, 3343.70760002, 3345.52613859, 3346.9726924, 3348.02220675, 3349.47722254, 3350.54132551, 3352.96693265, 3355.42128842, 3358.60090352, 3359.75178232, 3361.952148, 3366.4524311, 3366.64108791, 3368.54309534, 3371.15461911, 3372.46794588, 3373.84357859, 3377.74380721, 3379.15728822, 3379.27393368, 3379.32730773, 3379.64219753, 3379.99260136, 3381.20339702, 3382.3835667, 3382.97704265, 3384.75810897, 3387.20045473, 3387.66270007, 3388.72089445, 3390.70162556, 3392.46934065, 3393.52798477, 3400.90901657, 3401.76404006, 3404.40467367, 3408.97300343, 3409.00396988, 3416.2744352, 3419.02487802, 3420.02518693, 3421.62964542, 3422.15041897, 3424.14221704, 3426.86938948, 3432.15435806, 3434.26390508, 3438.79246403, 3439.71034229, 3441.67236921, 3442.1250835, 3444.08018647, 3444.28247317, 3444.34936516, 3445.45013063, 3445.59755677, 3459.35950178, 3462.51327358, 3463.5032216, 3475.7554359, 3480.12955469, 3484.10581765, 3486.09481808, 3489.0795628, 3489.11184627, 3492.27792044, 3493.44453201, 3495.63560288, 3502.8246283, 3505.26331917, 3508.92493471, 3510.99479448, 3512.1466717, 3512.98772659, 3513.76088417, 3515.1471355, 3522.97077094, 3523.97877223, 3527.84336405, 3530.80742226, 3531.21282057, 3531.88044094, 3533.93855042, 3534.97380444, 3536.6493396, 3536.67295468, 3541.05777215, 3543.41589184, 3543.42785281, 3545.91106346, 3548.33266186, 3553.23266865, 3555.33354086, 3560.70142569, 3564.02005259, 3564.65161017, 3567.84074378, 3569.66800003, 3572.88072448, 3573.50049374, 3576.09935597, 3578.09849708, 3580.19583714, 3580.58619379, 3582.26736398, 3582.68221074, 3583.10753546, 3586.84177655, 3589.11481758, 3589.87941891, 3592.15971913, 3595.41641637, 3597.76875274, 3597.79091071, 3598.6357087, 3598.74257267, 3599.92594578, 3601.29864045, 3602.23586171, 3605.79284884, 3608.27077971, 3608.80891372, 3613.62497636, 3615.36393904, 3616.50741758, 3625.13842058, 3626.54226911, 3628.69068008, 3630.29947064, 3632.81049174, 3635.49090321, 3635.99495464, 3643.00679641, 3645.98328839, 3649.4115928, 3655.15665376, 3655.97892138, 3664.02551929, 3664.87466761, 3669.56584276, 3676.3800937, 3677.89223138, 3686.37197165, 3700.1704395, 3704.44595459, 3710.33051284, 3713.49873561, 3714.52944798, 3715.38283754, 3718.02081102, 3721.21152424, 3725.02519643, 3727.91651359, 3729.37876257, 3735.68518771, 3739.41254322, 3739.82071409, 3739.92149882, 3740.10366881, 3746.29526174, 3747.90260301, 3749.13583675, 3755.73483738, 3759.50004144, 3761.11783476, 3761.43653944, 3763.8866624, 3766.04311098, 3771.29381834, 3776.45540518, 3779.06471805, 3783.89032554, 3786.86020215, 3788.95567361, 3790.07589036, 3791.284646, 3792.81375791, 3793.45746628, 3796.79494689, 3797.12277125, 3804.36605632, 3806.65577704, 3807.31291682, 3810.0072208, 3811.13462063, 3811.89058576, 3814.93238258, 3815.58517633, 3821.34079587, 3826.28921124, 3826.99754755, 3827.40340009, 3827.4229669, 3828.47114438, 3828.70847296, 3829.26603156, 3834.66747757, 3835.28878094, 3838.47122478, 3839.78091481, 3840.2041992, 3846.89819185, 3848.24703582, 3848.99023783, 3854.52978774, 3856.01104125, 3856.68000341, 3857.30881302, 3860.66463597, 3869.30198282, 3874.93605373, 3876.04583049, 3876.2672599, 3877.38474357, 3885.43427599, 3888.73310378, 3889.0939779, 3889.48285223, 3890.18073473, 3891.66604293, 3898.16457239, 3898.85011393, 3900.00324074, 3902.02859245, 3902.47616815, 3903.76542933, 3904.56007428, 3905.43108351, 3906.00111566, 3906.50116795, 3909.41558735, 3909.63349666, 3910.46772709, 3910.81538447, 3911.52104613, 3915.42777385, 3915.55419475, 3917.65969735, 3918.68001991, 3918.75354959, 3921.29264533, 3922.27878492, 3922.37060499, 3926.67430956, 3926.8733977, 3928.79864246, 3930.14804494, 3932.33504369, 3935.4564933, 3936.07031134, 3937.26930274, 3939.09636675, 3939.39948463, 3940.85635241, 3942.13566194, 3942.87927036, 3943.55530857, 3944.10611413, 3945.48924877, 3946.60797415, 3949.07182288, 3949.641418, 3952.30832859, 3953.25906192, 3954.29763336, 3955.53084466, 3955.60589012, 3956.40117437, 3957.56694785, 3960.93267218, 3961.28456216, 3961.82620461, 3963.08555156, 3964.98326804, 3965.33991092, 3970.50407964, 3971.31797889, 3971.40777497, 3972.0364576, 3972.80097532, 3975.35059058, 3981.60686459, 3983.58211221, 3984.36991952, 3985.00045585, 3990.98903236, 4000.18662822, 4003.43891553, 4007.44447905, 4008.2753772, 4008.51469446, 4008.80894109],