{"Error": 8492.0146484375, "Actual": [1144.02984662, 1151.85100991, 1155.80028591, 1164.02632871, 1173.07637433, 1173.89672336, 1177.38935237, 1181.07021283, 1183.90903503, 1185.80334132, 1187.68599568, 1193.77361577, 1203.91520191, 1212.05794313, 1214.57248397, 1217.94000088, 1218.05234345, 1218.86177841, 1220.55147386, 1232.96521489, 1237.99699852, 1238.08293033, 1238.52479038, 1243.99749006, 1244.53060593, 1248.23663494, 1257.93536699, 1263.32556479, 1265.07612636, 1266.74714727, 1267.05561745, 1267.80172818, 1279.17407508, 1293.00287777, 1303.59556519, 1303.67571819, 1304.62099487, 1307.26786756, 1311.07427713, 1315.86117949, 1318.84409492, 1322.47964393, 1327.20130133, 1332.98660854, 1339.53751505, 1341.9923676, 1362.7294049, 1377.74718773, 1380.29997193, 1391.46472831, 1393.6918655, 1394.87800868, 1397.41514863, 1402.29807058, 1410.74976193, 1411.67468281, 1417.06043181, 1421.25234505, 1422.2770973, 1424.97068365, 1428.76507086, 1429.30628932, 1432.74472273, 1442.09465237, 1444.79580616, 1448.01512265, 1460.50851546, 1461.5413058, 1461.6851049, 1470.44294044, 1484.57835634, 1493.47833688, 1493.96267415, 1496.34299434, 1497.08800074, 1497.61444209, 1501.62259554, 1501.99893963, 1511.30903137, 1512.6578742, 1523.56471815, 1524.64155965, 1533.44105079, 1536.59627164, 1541.73439177, 1542.0631895, 1545.93121391, 1551.49988483, 1552.78512631, 1555.47324917, 1562.49599499, 1563.96582752, 1572.23351319, 1578.80813729, 1578.95364042, 1579.40219532, 1579.9437155, 1580.7938859, 1582.70811044, 1583.52993493, 1584.45822419, 1584.69157896, 1585.91449255, 1586.70556334, 1586.91342617, 1588.20892433, 1596.03850317, 1601.87651999, 1603.79760908, 1605.93694569, 1608.41233697, 1610.18676095, 1612.08380374, 1612.93820449, 1615.16869716, 1618.86687399, 1625.58628355, 1628.63051562, 1629.77460759, 1631.16993054, 1633.29641553, 1634.56075521, 1636.00179715, 1637.63578424, 1641.41792484, 1643.00593721, 1646.2707635, 1647.31879006, 1647.55155693, 1655.08977492, 1656.0172386, 1657.65997312, 1658.03947664, 1661.45566405, 1665.09579152, 1665.11604361, 1668.77465486, 1670.53062125, 1671.85128376, 1672.24783857, 1672.3411947, 1685.20981852, 1687.86459855, 1690.77650474, 1692.71580724, 1693.7324012, 1697.8921868, 1698.3971546, 1705.30066966, 1706.49051997, 1710.24991128, 1716.33654516, 1723.35909652, 1730.63679399, 1731.59290801, 1736.58597506, 1746.95512048, 1749.52506753, 1750.1347133, 1754.99071998, 1761.33529884, 1768.50588488, 1769.64587893, 1777.95919877, 1787.26545788, 1798.84596675, 1799.0257834, 1800.93635495, 1805.91741923, 1806.71219525, 1810.19645097, 1815.30033889, 1820.61054605, 1833.60302618, 1835.32784836, 1840.95624662, 1844.68961932, 1850.95250014, 1860.91117783, 1875.49994595, 1879.242654, 1885.52336299, 1890.00548916, 1893.54432614, 1894.41290452, 1906.64119736, 1907.38052413, 1909.96963229, 1917.52590494, 1921.95544132, 1923.87296745, 1925.20993365, 1938.05921819, 1943.04325985, 1945.51061957, 1946.32228597, 1948.15888089, 1950.71818748, 1953.60651887, 1957.56037254, 1960.17593509, 1965.1571175, 1967.40740737, 1970.44660887, 1979.39694173, 1984.33036264, 1991.40497086, 1992.76543846, 1994.60665534, 2000.80449344, 2011.91887248, 2014.93333256, 2021.19634552, 2023.83469028, 2024.44760405, 2028.18031357, 2031.49722151, 2037.42418135, 2057.16746035, 2060.90274351, 2064.46309961, 2065.64125801, 2068.47781318, 2082.26093543, 2092.83541404, 2095.85382357, 2098.31258496, 2109.03692931, 2112.47342701, 2112.65764009, 2114.62016035, 2123.54931183, 2123.60470063, 2128.94032789, 2133.39119747, 2136.74405518, 2137.72126843, 2149.65863154, 2155.15760468, 2155.81182639, 2168.56895021, 2168.58824029, 2168.5907341, 2170.28543594, 2170.8114795, 2173.94403707, 2176.51903336, 2179.31560426, 2181.1004599, 2181.2042547, 2181.6214907, 2182.22873461, 2185.8867823, 2193.96826449, 2196.93360106, 2197.2934451, 2200.00610227, 2202.26683662, 2202.42807206, 2206.17379909, 2206.32987783, 2208.42751252, 2208.50872313, 2210.65140883, 2212.50311053, 2214.12539905, 2215.09662294, 2215.66978498, 2216.04661111, 2217.62090271, 2217.62100033, 2218.57102021, 2221.5498111, 2221.70615819, 2222.02386893, 2224.31671819, 2224.95401316, 2225.36138588, 2228.04539957, 2228.86882625, 2230.42855619, 2230.53256896, 2231.33186381, 2235.72395226, 2236.39382244, 2236.41020871, 2236.83840026, 2237.82792332, 2238.33686097, 2238.54832823, 2238.71806131, 2239.97980545, 2240.59563432, 2241.00888372, 2241.61704521, 2242.55069511, 2244.2721728, 2244.66287722, 2245.83507331, 2247.38555742, 2248.61534302, 2248.65264028, 2248.95308605, 2249.20906168, 2249.4594826, 2250.17122172, 2250.47444031, 2252.00431837, 2252.23437983, 2253.71073985, 2254.64344673, 2254.73608, 2256.16451102, 2257.51820761, 2259.15066027, 2264.03930876, 2265.58873273, 2268.04329802, 2269.00940061, 2270.52058952, 2271.90490509, 2275.90074935, 2279.42024856, 2283.72247239, 2283.86415553, 2285.90437151, 2285.94144143, 2288.2946513, 2292.39607364, 2292.62376962, 2294.57803966, 2299.05580527, 2299.29210511, 2300.80770582, 2303.31829223, 2309.70544462, 2311.89792252, 2313.63788755, 2314.13841541, 2315.93601179, 2317.34854526, 2318.32476681, 2321.16647301, 2321.51431979, 2321.67616212, 2322.55318302, 2323.12669012, 2324.70428589, 2327.44285291, 2327.87557192, 2328.845018, 2329.82932802, 2331.8427463, 2332.37727716, 2332.90498447, 2332.92053242, 2334.20757807, 2334.61296612, 2336.00490811, 2336.15392426, 2336.41509215, 2338.37842344, 2340.45324035, 2343.30944769, 2343.7171393, 2346.04794317, 2350.59474007, 2351.79042826, 2352.66673898, 2355.0825814, 2358.28406388, 2358.28603224, 2361.31867052, 2363.61941998, 2364.25449361, 2364.30415909, 2372.64025892, 2380.70721233, 2381.76695134, 2383.25506895, 2383.58983406, 2392.4108004, 2394.43800685, 2394.84991748, 2396.29770939, 2400.52767714, 2401.09869132, 2404.90465788, 2405.39564818, 2406.07941016, 2407.76742502, 2412.6177445, 2413.01562506, 2415.80327303, 2420.84116149, 2425.71084089, 2425.89069567, 2430.26704726, 2434.31537795, 2439.11949127, 2440.33598672, 2443.11443581, 2445.02418132, 2446.51695393, 2450.49651815, 2451.28172278, 2451.46454891, 2451.73451589, 2453.74041649, 2455.05979163, 2456.74342339, 2458.74053578, 2459.87023826, 2460.31051378, 2460.46156193, 2468.9304709, 2470.6867642, 2470.94569527, 2472.04669141, 2477.25376942, 2477.81711025, 2479.36707692, 2480.34717569, 2486.12220502, 2489.6475053, 2491.6338578, 2497.77059578, 2499.95005837, 2504.64892951, 2505.67505622, 2507.88619042, 2510.70556717, 2514.54851954, 2518.55013342, 2530.78903726, 2530.95532381, 2533.17700597, 2534.62959997, 2535.04426796, 2536.71103918, 2537.83251258, 2537.93151296, 2538.16550972, 2540.73502115, 2544.32386307, 2546.33149076, 2547.10330004, 2549.15858473, 2549.44279691, 2549.53315544, 2552.75784724, 2559.17259739, 2559.60243258, 2563.8090751, 2564.81002495, 2570.84705311, 2571.59805884, 2572.51794589, 2575.84746759, 2576.37775067, 2576.73402884, 2578.04239141, 2582.64298411, 2583.91939447, 2584.17006284, 2585.6887551, 2585.71376015, 2586.88808682, 2587.26449052, 2598.4249096, 2600.7814024, 2601.6564658, 2602.11975614, 2602.29241881, 2604.18987318, 2604.62837534, 2605.40423754, 2605.59334396, 2608.58486052, 2615.04102735, 2615.54492683, 2617.90538633, 2619.12350643, 2621.14629372, 2622.14765736, 2622.15264812, 2622.71421328, 2624.15826185, 2626.80822119, 2628.15772915, 2631.6906334, 2632.00643251, 2632.82831279, 2634.10099862, 2635.09125401, 2635.74732036, 2636.7038808, 2637.55076141, 2638.29438132, 2640.53923923],